Variable,Coefficient
deltaT,7.694056351346934
log_ccv,2.7622555194523004
